2,user_name,False,suscipit repellat esse quibusdam voluptatem incidunt
2,user_name,True,distinctio vitae autem nihil ut molestias quo
2,user_name,False,et itaque necessitatibus maxime molestiae qui quas velit
2,user_name,False,adipisci non ad dicta qui amet quaerat doloribus ea
2,user_name,True,voluptas quo tenetur perspiciatis explicabo natus
2,user_name,True,aliquam aut quasi
2,user_name,True,veritatis pariatur delectus
2,user_name,False,nesciunt totam sit blanditiis sit
2,user_name,False,laborum aut in quam
2,user_name,True,nemo perspiciatis repellat ut dolor libero commodi blanditiis omnis
2,user_name,False,repudiandae totam in est sint facere fuga
2,user_name,False,earum doloribus ea doloremque quis
2,user_name,False,sint sit aut vero
2,user_name,False,porro aut necessitatibus eaque distinctio
2,user_name,True,repellendus veritatis molestias dicta incidunt
2,user_name,True,excepturi deleniti adipisci voluptatem et neque optio illum ad
2,user_name,False,sunt cum tempora
2,user_name,False,totam quia non
2,user_name,False,doloremque quibusdam asperiores libero corrupti illum qui omnis
2,user_name,True,totam atque quo nesciunt
